Mfg.,Part no,Desc,Units,Root chord,Tip chord,Span,Sweep,Thickness,Shape,Tip shape,Material,Npoints,1,2,3,4,5,6,7,8,9,10,11,12,13,14,15,16,17,18,19,20,21,22,23,24,25,26,27,28,29,30,31,32,33,34,35,36,37,38,39,40,41,42,43,44,45,46,47,48,49,50,51,52,53,54,55,56,57,58,59,60,61,62,63,64,65,66,67,68,69,70,71,72,73,74,75,76,77,78,79,80,81,82,83,84,85,86,87,88,89,90,91,92,93,94,95,96,97,98,99,100,101,102,103,104,105,106,107,108,109,110,111,112,113,114,115,116,117,118,119,120,121,122,123,124,125,126,127,128
DynaStar,Snarky Main Wing,Fin,mm,256.54000000000000,122.120000000000000,116.840000000000000,250.390000000000000,3.175,,square,Balsa,6,256.54000000000002| 0.,242.569999999999993| 25.399999999999999,295.274999999999977| 116.840000000000003,231.775000000000006| 116.840000000000003,127.| 15.24,0.| 0.,,,,,,,,,,,,,,,,,,,,,,,,,,,,,,,,,,,,,,,,,,,,,,,,,,,,,,,,,,,,,,,,,,,,,,,,,,,,,,,,,,,,,,,,,,,,,,,,,,,,,,,,,,,,,,,,,,,,,,,,,,
LOC Precision,FS-1,Fin set,mm,82.55,32.39,63.5,47.31,3.175,,rounded,Aircraft plywood (LOC),4,82.55000108966|             0.,82.550001634490002|            63.500001257299999,44.450000880110004|            63.500001257299999,0.|             0.,,,,,,,,,,,,,,,,,,,,,,,,,,,,,,,,,,,,,,,,,,,,,,,,,,,,,,,,,,,,,,,,,,,,,,,,,,,,,,,,,,,,,,,,,,,,,,,,,,,,,,,,,,,,,,,,,,,,,,,,,,,,
LOC Precision,FS-100,Fin set,mm,311.15,154.23,88.9,186.55,4.7752,,rounded,Aircraft plywood (LOC),5,311.15001642872039|             0.,339.72501793748046|            28.575001508760039,339.72501793748046|            88.90000469392011,123.82500653796011|            73.025003855720072,0.|             0.,,,,,,,,,,,,,,,,,,,,,,,,,,,,,,,,,,,,,,,,,,,,,,,,,,,,,,,,,,,,,,,,,,,,,,,,,,,,,,,,,,,,,,,,,,,,,,,,,,,,,,,,,,,,,,,,,,,,,,,,,,,
LOC Precision,FS-12,Fin set,mm,152.4,12.61,82.55,127.05,3.175,,rounded,Aircraft plywood (LOC),4,152.40000502920003|             0.,146.05000481965004|            82.550002724150033,120.65000398145003|            82.550002724150033,0.|             0.,,,,,,,,,,,,,,,,,,,,,,,,,,,,,,,,,,,,,,,,,,,,,,,,,,,,,,,,,,,,,,,,,,,,,,,,,,,,,,,,,,,,,,,,,,,,,,,,,,,,,,,,,,,,,,,,,,,,,,,,,,,,
LOC Precision,FS-16,Fin set,mm,152.4,28.25,101.6,136.11,3.175,,rounded,Aircraft plywood (LOC),4,152.40000603504006|             0.,177.80000234695999|            82.55000108966,120.65000159257998|           101.60000134112002,0.|             0.,,,,,,,,,,,,,,,,,,,,,,,,,,,,,,,,,,,,,,,,,,,,,,,,,,,,,,,,,,,,,,,,,,,,,,,,,,,,,,,,,,,,,,,,,,,,,,,,,,,,,,,,,,,,,,,,,,,,,,,,,,,,
LOC Precision,FS-20,Fin Set,mm,133.35,36.31,88.9,70.75,3.175,,rounded,Aircraft plywood (LOC),4,133.35000264033002|             0.,114.30000226314003|            88.900001760220007,63.500001257299999|            88.900001760220007,0.|             0.,,,,,,,,,,,,,,,,,,,,,,,,,,,,,,,,,,,,,,,,,,,,,,,,,,,,,,,,,,,,,,,,,,,,,,,,,,,,,,,,,,,,,,,,,,,,,,,,,,,,,,,,,,,,,,,,,,,,,,,,,,,,
LOC Precision,FS-24,Fin Set,mm,133.35,36.31,88.9,70.75,3.175,,rounded,Aircraft plywood (LOC),4,133.35000176022001|             0.,114.30000150876|            88.900001173480007,63.500000838199995|            88.900001173480007,0.|             0.,,,,,,,,,,,,,,,,,,,,,,,,,,,,,,,,,,,,,,,,,,,,,,,,,,,,,,,,,,,,,,,,,,,,,,,,,,,,,,,,,,,,,,,,,,,,,,,,,,,,,,,,,,,,,,,,,,,,,,,,,,,,
LOC Precision,FS-28,Fin set,mm,222.25,111.11,82.55,125.42,3.175,,rounded,Aircraft plywood (LOC),3,222.25000440055007|             0.,180.97500358330501|            82.550001634490002,0.|             0.,,,,,,,,,,,,,,,,,,,,,,,,,,,,,,,,,,,,,,,,,,,,,,,,,,,,,,,,,,,,,,,,,,,,,,,,,,,,,,,,,,,,,,,,,,,,,,,,,,,,,,,,,,,,,,,,,,,,,,,,,,,,,
LOC Precision,FS-32,Fin set,mm,215.9,26.48,73.03,177.26,3.175,,rounded,Aircraft plywood (LOC),4,215.90000569976004|             0.,206.37500408622503|            73.025001445895001,174.62500345757505|            73.025001445895001,0.|             0.,,,,,,,,,,,,,,,,,,,,,,,,,,,,,,,,,,,,,,,,,,,,,,,,,,,,,,,,,,,,,,,,,,,,,,,,,,,,,,,,,,,,,,,,,,,,,,,,,,,,,,,,,,,,,,,,,,,,,,,,,,,,
LOC Precision,FS-36,Fin set,mm,222.25,107.78,82.55,127.09,3.175,,rounded,Aircraft plywood (LOC),3,222.25000586740012|             0.,180.97500477774003|            82.550002179320018,0.|             0.,,,,,,,,,,,,,,,,,,,,,,,,,,,,,,,,,,,,,,,,,,,,,,,,,,,,,,,,,,,,,,,,,,,,,,,,,,,,,,,,,,,,,,,,,,,,,,,,,,,,,,,,,,,,,,,,,,,,,,,,,,,,,
LOC Precision,FS-4,Fin set,mm,158.75,79.36,63.5,84.15,3.175,,rounded,Aircraft plywood (LOC),3,158.75000104775|             0.,123.82500081724498|            63.500000419099997,0.|             0.,,,,,,,,,,,,,,,,,,,,,,,,,,,,,,,,,,,,,,,,,,,,,,,,,,,,,,,,,,,,,,,,,,,,,,,,,,,,,,,,,,,,,,,,,,,,,,,,,,,,,,,,,,,,,,,,,,,,,,,,,,,,,
LOC Precision,FS-40,Fin set,mm,158.75,79.36,63.5,84.15,3.175,,rounded,Aircraft plywood (LOC),3,158.75000523875005|             0.,123.82500408622502|            63.500002095500022,0.|             0.,,,,,,,,,,,,,,,,,,,,,,,,,,,,,,,,,,,,,,,,,,,,,,,,,,,,,,,,,,,,,,,,,,,,,,,,,,,,,,,,,,,,,,,,,,,,,,,,,,,,,,,,,,,,,,,,,,,,,,,,,,,,,
LOC Precision,FS-44,Fin set,mm,88.9,62.28,82.55,26.01,3.175,,rounded,Aircraft plywood (LOC),4,88.900001760220007|             0.,88.899999999999991|            82.549999999999997,25.399999999999999|            82.549999999999997,0.|             0.,,,,,,,,,,,,,,,,,,,,,,,,,,,,,,,,,,,,,,,,,,,,,,,,,,,,,,,,,,,,,,,,,,,,,,,,,,,,,,,,,,,,,,,,,,,,,,,,,,,,,,,,,,,,,,,,,,,,,,,,,,,,
LOC Precision,FS-48,Fin set,mm,171.45,72.98,107.95,153.96,3.175,,rounded,Aircraft plywood (LOC),5,171.45000678942009|             0.,206.37500817245015|            31.750001257300017,206.37500817245015|           107.95000427482006,142.87500565785007|           107.95000427482006,0.|             0.,,,,,,,,,,,,,,,,,,,,,,,,,,,,,,,,,,,,,,,,,,,,,,,,,,,,,,,,,,,,,,,,,,,,,,,,,,,,,,,,,,,,,,,,,,,,,,,,,,,,,,,,,,,,,,,,,,,,,,,,,,,
LOC Precision,FS-52,Fin Set,mm,133.35,37.27,88.9,70.26,3.175,,rounded,Aircraft plywood (LOC),4,133.35000528066007|             0.,114.30000452628008|            88.900003520440066,63.500002514600034|            88.900003520440066,0.|             0.,,,,,,,,,,,,,,,,,,,,,,,,,,,,,,,,,,,,,,,,,,,,,,,,,,,,,,,,,,,,,,,,,,,,,,,,,,,,,,,,,,,,,,,,,,,,,,,,,,,,,,,,,,,,,,,,,,,,,,,,,,,,
LOC Precision,FS-56,Fin set,mm,127,72.13,101.6,36.96,3.175,,rounded,Aircraft plywood (LOC),4,127.0000025146|             0.,111.12500220027503|           101.60000201168002,34.925000691514995|           101.60000201168002,0.|             0.,,,,,,,,,,,,,,,,,,,,,,,,,,,,,,,,,,,,,,,,,,,,,,,,,,,,,,,,,,,,,,,,,,,,,,,,,,,,,,,,,,,,,,,,,,,,,,,,,,,,,,,,,,,,,,,,,,,,,,,,,,,,
LOC Precision,FS-57,Fin set,mm,247.65,118.2,66.68,152.33,3.175,,rounded,Aircraft plywood (LOC),5,247.65000980694006|             0.,269.87501424940046|            19.050001005840016,269.87501424940046|            66.675003520440072,107.95000569976013|            57.150003017520078,0.|             0.,,,,,,,,,,,,,,,,,,,,,,,,,,,,,,,,,,,,,,,,,,,,,,,,,,,,,,,,,,,,,,,,,,,,,,,,,,,,,,,,,,,,,,,,,,,,,,,,,,,,,,,,,,,,,,,,,,,,,,,,,,,
LOC Precision,FS-60,Fin set,mm,231.78,49.96,92.08,184.57,3.175,,rounded,Aircraft plywood (LOC),4,231.7750107080052|             0.,222.25001026795027|            92.07500425386506,196.85000909447018|            92.07500425386506,0.|             0.,,,,,,,,,,,,,,,,,,,,,,,,,,,,,,,,,,,,,,,,,,,,,,,,,,,,,,,,,,,,,,,,,,,,,,,,,,,,,,,,,,,,,,,,,,,,,,,,,,,,,,,,,,,,,,,,,,,,,,,,,,,,
LOC Precision,FS-64,Fin Set,mm,139.7,85.38,123.83,27.16,3.175,,rounded,Aircraft plywood (LOC),4,139.70000461010002|             0.,114.30000150876|           123.82500163448999,25.400000335280005|           123.82500163448999,0.|             0.,,,,,,,,,,,,,,,,,,,,,,,,,,,,,,,,,,,,,,,,,,,,,,,,,,,,,,,,,,,,,,,,,,,,,,,,,,,,,,,,,,,,,,,,,,,,,,,,,,,,,,,,,,,,,,,,,,,,,,,,,,,,
LOC Precision,FS-68,Fin set,mm,260.35,80.79,120.65,201.77,4.7752,,rounded,Balsa,4,260.34999999999997|             0.,260.34999999999997|            76.199999999999989,228.59999999999999|           120.64999999999999,0.|             0.,,,,,,,,,,,,,,,,,,,,,,,,,,,,,,,,,,,,,,,,,,,,,,,,,,,,,,,,,,,,,,,,,,,,,,,,,,,,,,,,,,,,,,,,,,,,,,,,,,,,,,,,,,,,,,,,,,,,,,,,,,,,
LOC Precision,FS-72,Fin set,mm,269.88,21,101.6,218.1,3.175,,rounded,Aircraft plywood (LOC),4,269.875001781175|             0.,263.52500173926501|           101.60000067056001,193.675001278255|           101.60000067056001,0.|             0.,,,,,,,,,,,,,,,,,,,,,,,,,,,,,,,,,,,,,,,,,,,,,,,,,,,,,,,,,,,,,,,,,,,,,,,,,,,,,,,,,,,,,,,,,,,,,,,,,,,,,,,,,,,,,,,,,,,,,,,,,,,,
LOC Precision,FS-76,Fin set,mm,146.05,102.37,127,17.08,3.175,,rounded,Aircraft plywood (LOC),4,146.05000096393002|             0.,120.65000079629002|           127.00000083819999,15.875000104774999|           127.00000083819999,0.|             0.,,,,,,,,,,,,,,,,,,,,,,,,,,,,,,,,,,,,,,,,,,,,,,,,,,,,,,,,,,,,,,,,,,,,,,,,,,,,,,,,,,,,,,,,,,,,,,,,,,,,,,,,,,,,,,,,,,,,,,,,,,,,
LOC Precision,FS-8,Fin set,mm,177.8,18.81,69.85,154.11,3.175,,rounded,Aircraft plywood (LOC),4,177.80000234695999|             0.,177.80000234695999|            69.850000922019987,149.22500196977001|            69.850000922019987,0.|             0.,,,,,,,,,,,,,,,,,,,,,,,,,,,,,,,,,,,,,,,,,,,,,,,,,,,,,,,,,,,,,,,,,,,,,,,,,,,,,,,,,,,,,,,,,,,,,,,,,,,,,,,,,,,,,,,,,,,,,,,,,,,,
LOC Precision,FS-80,Fin set,mm,266.7,109.85,174.63,148.28,4.7752,,rounded,Aircraft plywood (LOC),4,266.70000352044002|             0.,266.70000352044002|           174.62500230505003,139.70000184403997|           174.62500230505003,0.|             0.,,,,,,,,,,,,,,,,,,,,,,,,,,,,,,,,,,,,,,,,,,,,,,,,,,,,,,,,,,,,,,,,,,,,,,,,,,,,,,,,,,,,,,,,,,,,,,,,,,,,,,,,,,,,,,,,,,,,,,,,,,,,
LOC Precision,FS-84,Fin set,mm,266.7,65.39,184.15,188.15,4.7752,,rounded,Aircraft plywood (LOC),4,266.70000704088005|             0.,288.92500762762006|           136.52500360426004,158.75000419100002|           184.15000486156006,0.|             0.,,,,,,,,,,,,,,,,,,,,,,,,,,,,,,,,,,,,,,,,,,,,,,,,,,,,,,,,,,,,,,,,,,,,,,,,,,,,,,,,,,,,,,,,,,,,,,,,,,,,,,,,,,,,,,,,,,,,,,,,,,,,
LOC Precision,FS-85,Fin set,mm,311.15,154.23,88.9,186.55,4.7752,,rounded,Aircraft plywood (LOC),5,311.15000821436007|             0.,339.72500896874016|            28.57500075438001,339.72500896874016|            88.900002346960022,123.82500326898001|            73.025001927860004,0.|             0.,,,,,,,,,,,,,,,,,,,,,,,,,,,,,,,,,,,,,,,,,,,,,,,,,,,,,,,,,,,,,,,,,,,,,,,,,,,,,,,,,,,,,,,,,,,,,,,,,,,,,,,,,,,,,,,,,,,,,,,,,,,
LOC Precision,FS-86,Fin set,mm,266.7,65.39,184.15,188.15,3.175,,rounded,G10 fiberglass,4,266.70000880110007|             0.,288.92500953452515|           136.52500450532506,158.75000523875005|           184.15000607695009,0.|             0.,,,,,,,,,,,,,,,,,,,,,,,,,,,,,,,,,,,,,,,,,,,,,,,,,,,,,,,,,,,,,,,,,,,,,,,,,,,,,,,,,,,,,,,,,,,,,,,,,,,,,,,,,,,,,,,,,,,,,,,,,,,,
LOC Precision,FS-88,Fin set,mm,266.7,109.85,174.63,148.28,4.7752,,rounded,Aircraft plywood (LOC),4,266.70000704088005|             0.,266.70000704088005|           174.62500461010009,139.70000368808002|           174.62500461010009,0.|             0.,,,,,,,,,,,,,,,,,,,,,,,,,,,,,,,,,,,,,,,,,,,,,,,,,,,,,,,,,,,,,,,,,,,,,,,,,,,,,,,,,,,,,,,,,,,,,,,,,,,,,,,,,,,,,,,,,,,,,,,,,,,,
LOC Precision,FS-92,Fin set,mm,266.7,109.85,174.63,148.28,4.7752,,rounded,Aircraft plywood (LOC),4,266.70000528066004|             0.,266.70000528066004|           174.62500345757505,139.70000276605998|           174.62500345757505,0.|             0.,,,,,,,,,,,,,,,,,,,,,,,,,,,,,,,,,,,,,,,,,,,,,,,,,,,,,,,,,,,,,,,,,,,,,,,,,,,,,,,,,,,,,,,,,,,,,,,,,,,,,,,,,,,,,,,,,,,,,,,,,,,,
LOC Precision,FS-94,Fin set,mm,263.53,27.28,123.83,225.58,4.7752,,rounded,Aircraft plywood (LOC),4,263.5250069570601|             0.,263.5250069570601|           111.12500293370006,215.90000569976004|           123.82500326898001,0.|             0.,,,,,,,,,,,,,,,,,,,,,,,,,,,,,,,,,,,,,,,,,,,,,,,,,,,,,,,,,,,,,,,,,,,,,,,,,,,,,,,,,,,,,,,,,,,,,,,,,,,,,,,,,,,,,,,,,,,,,,,,,,,,
LOC Precision,FS-96,Fin set,mm,266.7,108.26,174.63,149.07,3.175,,rounded,G10 fiberglass,4,266.70000880110007|             0.,266.70000880110007|           174.62500576262511,139.70000461010002|           174.62500576262511,0.|             0.,,,,,,,,,,,,,,,,,,,,,,,,,,,,,,,,,,,,,,,,,,,,,,,,,,,,,,,,,,,,,,,,,,,,,,,,,,,,,,,,,,,,,,,,,,,,,,,,,,,,,,,,,,,,,,,,,,,,,,,,,,,,
LOC Precision,FS-Laser,Fin Set,mm,279.4,100.46,123.83,219.22,3.175,,rounded,Aircraft plywood (LOC),5,279.39999999999998|             0.,247.64999999999998|           123.82499999999999,171.44999999999999|           123.82499999999999,149.22499999999999|            38.099999999999994,0.|             0.,,,,,,,,,,,,,,,,,,,,,,,,,,,,,,,,,,,,,,,,,,,,,,,,,,,,,,,,,,,,,,,,,,,,,,,,,,,,,,,,,,,,,,,,,,,,,,,,,,,,,,,,,,,,,,,,,,,,,,,,,,,
LOC Precision,FS-Laser Fwd,Fin set,mm,101.6,50.8,31.75,69.85,3.175,,rounded,Aircraft plywood (LOC),3,101.60000067056001|             0.,95.25000062865|            31.750000209549999,0.|             0.,,,,,,,,,,,,,,,,,,,,,,,,,,,,,,,,,,,,,,,,,,,,,,,,,,,,,,,,,,,,,,,,,,,,,,,,,,,,,,,,,,,,,,,,,,,,,,,,,,,,,,,,,,,,,,,,,,,,,,,,,,,,,
LOC Precision,FS-Ultimax,Fin set,mm,152.4,106.99,165.1,6.76,3.175,,rounded,Aircraft plywood (LOC),4,152.39999999999998|             0.,130.17499999999998|           142.875,0.|           165.09999999999999,0.|             0.,,,,,,,,,,,,,,,,,,,,,,,,,,,,,,,,,,,,,,,,,,,,,,,,,,,,,,,,,,,,,,,,,,,,,,,,,,,,,,,,,,,,,,,,,,,,,,,,,,,,,,,,,,,,,,,,,,,,,,,,,,,,
Quest,,Zenith II booster stage,mm,69.850000000000000,24.400000000000000,84.760000000000000,47.93,2.3876,,airfoil,Balsa,4,69.850000461009984| 0.,82.550000544829999| 57.150000377189997,38.823900256237742| 84.762200559430525,0.| 0.,,,,,,,,,,,,,,,,,,,,,,,,,,,,,,,,,,,,,,,,,,,,,,,,,,,,,,,,,,,,,,,,,,,,,,,,,,,,,,,,,,,,,,,,,,,,,,,,,,,,,,,,,,,,,,,,,,,,,,,,,,,,
Aerospace Speciality Products,FGLD16,G10 Fin Lg Clipped Delta (0.016),mm,38.100000000000000,16.880000000000000,38.100000000000000,20.130000000000000,0.4064,,square,G10 phenolic,4,38.099999999999994| 0.,38.099999999999994| 38.099999999999994,19.049999999999997| 38.099999999999994,0.| 0.,,,,,,,,,,,,,,,,,,,,,,,,,,,,,,,,,,,,,,,,,,,,,,,,,,,,,,,,,,,,,,,,,,,,,,,,,,,,,,,,,,,,,,,,,,,,,,,,,,,,,,,,,,,,,,,,,,,,,,,,,,,,
Aerospace Speciality Products,FGLD20,G10 Fin Lg Clipped Delta (0.020),mm,38.100000000000000,16.880000000000000,38.100000000000000,20.130000000000000,0.4064,,square,G10 phenolic,4,38.099999999999994| 0.,38.099999999999994| 38.099999999999994,19.049999999999997| 38.099999999999994,0.| 0.,,,,,,,,,,,,,,,,,,,,,,,,,,,,,,,,,,,,,,,,,,,,,,,,,,,,,,,,,,,,,,,,,,,,,,,,,,,,,,,,,,,,,,,,,,,,,,,,,,,,,,,,,,,,,,,,,,,,,,,,,,,,
Aerospace Speciality Products,FGMD16,G10 Fin Med Clipped Delta (0.016),mm,27.810000000000000,12.800000000000000,27.810000000000000,14.280000000000000,0.4064,,square,G10 phenolic,4,27.812999999999999| 0.,27.812999999999999| 27.812999999999999,13.5382| 27.812999999999999,0.| 0.,,,,,,,,,,,,,,,,,,,,,,,,,,,,,,,,,,,,,,,,,,,,,,,,,,,,,,,,,,,,,,,,,,,,,,,,,,,,,,,,,,,,,,,,,,,,,,,,,,,,,,,,,,,,,,,,,,,,,,,,,,,,
Aerospace Speciality Products,FGMS16,G10 Fin Med Swept (0.016),mm,34.93,1.39,44.460000000000000,40.780000000000000,0.4064,,square,G10 phenolic,5,34.924999999999997| 0.,39.307686915887842| 19.072749221183802,44.462462616822421| 44.462462616822421,38.099999999999994| 44.462462616822421,0.| 0.,,,,,,,,,,,,,,,,,,,,,,,,,,,,,,,,,,,,,,,,,,,,,,,,,,,,,,,,,,,,,,,,,,,,,,,,,,,,,,,,,,,,,,,,,,,,,,,,,,,,,,,,,,,,,,,,,,,,,,,,,,,
Aerospace Speciality Products,FGSS16,G10 Fin Sm Swept (0.016),mm,25.400000000000000,1.6,31.75,27.780000000000000,0.4064,,square,G10 phenolic,4,25.399999999999999| 0.,31.75| 31.75,25.399999999999999| 31.75,0.| 0.,,,,,,,,,,,,,,,,,,,,,,,,,,,,,,,,,,,,,,,,,,,,,,,,,,,,,,,,,,,,,,,,,,,,,,,,,,,,,,,,,,,,,,,,,,,,,,,,,,,,,,,,,,,,,,,,,,,,,,,,,,,,
Aerospace Speciality Products,FGSD16,G10 Fin Sm Clipped Delta (0.016),mm,22.23,9.780000000000000,25.400000000000000,11.800000000000000,0.4064,,square,G10 phenolic,4,22.224999999999998| 0.,22.266588465543553| 25.399999999999999,11.112499999999999| 25.399999999999999,0.| 0.,,,,,,,,,,,,,,,,,,,,,,,,,,,,,,,,,,,,,,,,,,,,,,,,,,,,,,,,,,,,,,,,,,,,,,,,,,,,,,,,,,,,,,,,,,,,,,,,,,,,,,,,,,,,,,,,,,,,,,,,,,,,