Mfg.,Part no,Desc,Units,Name,Type,Length,Material,Mass units,Mass,Mass,Mass,Mass,Mass,Mass,Mass,Mass,Mass,Mass,,,,,,,,,,,,,,,,,,,,,,,,,,,,,,,,,,,,,,,,,,,,,,,,,,,,,,,,,,,,,,,,,,,,,,,,,,,,,,,,,,,,,,,,,,,,,,,,,,,,,,,,,,,,,,,,,,,,,,,,,,
Apogee,14800,EGG PROTECTOR SET FOR VAC-FORM CAPSULE,mm,EGG PROTECTOR FOR VAC-FORM CAPSULE,general,0.000000,Custom,g,6.800000
Apogee,29611,Small Screw Eye,mm,Small Screw Eye,general,0.000000,100lb Kevlar (Apogee 29505),g,0.730000,,,,,,,,,,,,,,,,,,,,,,,,,,,,,,,,,,,,,,,,,,,,,,,,,,,,,,,,,,,,,,,,,,,,,,,,,,,,,,,,,,,,,,,,,,,,,,,,,,,,,,,,,,,,,,,,,,,,,,,,,,,,,,,,,,,
Apogee,29629,Eyebolt - 1/4-20 shank with nuts and washers,mm,Eyebolt with nut and washers,general,0.000000,1 in. tubular nylon,g,25.100000,,,,,,,,,,,,,,,,,,,,,,,,,,,,,,,,,,,,,,,,,,,,,,,,,,,,,,,,,,,,,,,,,,,,,,,,,,,,,,,,,,,,,,,,,,,,,,,,,,,,,,,,,,,,,,,,,,,,,,,,,,,,,,,,,,,
Apogee,29625,Screw Eye (Large) - For Mid-power rockets,mm,Screw Eye,general,0.000000,300lb Kevlar (Apogee 29506),g,5.300000,,,,,,,,,,,,,,,,,,,,,,,,,,,,,,,,,,,,,,,,,,,,,,,,,,,,,,,,,,,,,,,,,,,,,,,,,,,,,,,,,,,,,,,,,,,,,,,,,,,,,,,,,,,,,,,,,,,,,,,,,,,,,,,,,,,
Apogee,29620,1/8" Quick Link,mm,1/8" Quick Link,general,,,g,8.5,,,,,,,,,,,,,,,,,,,,,,,,,,,,,,,,,,,,,,,,,,,,,,,,,,,,,,,,,,,,,,,,,,,,,,,,,,,,,,,,,,,,,,,,,,,,,,,,,,,,,,,,,,,,,,,,,,,,,,,,,,,,,,,,,,,
Apogee,29621,1/4" Quick Link,mm,1/4" Quick Link,general,,,g,36.1,,,,,,,,,,,,,,,,,,,,,,,,,,,,,,,,,,,,,,,,,,,,,,,,,,,,,,,,,,,,,,,,,,,,,,,,,,,,,,,,,,,,,,,,,,,,,,,,,,,,,,,,,,,,,,,,,,,,,,,,,,,,,,,,,,,
Apogee,29623,"1/4"" Forged Eye Bolt",mm,"1/4"" Forged Eye Bolt",general,,,g,30,,,,,,,,,,,,,,,,,,,,,,,,,,,,,,,,,,,,,,,,,,,,,,,,,,,,,,,,,,,,,,,,,,,,,,,,,,,,,,,,,,,,,,,,,,,,,,,,,,,,,,,,,,,,,,,,,,,,,,,,,,,,,,,,,,,
Apogee,29633,1/4-20 Threaded Rod 9" Long,mm,1/4-20 Threaded Rod 9" Long,general,,,g,41.4,,,,,,,,,,,,,,,,,,,,,,,,,,,,,,,,,,,,,,,,,,,,,,,,,,,,,,,,,,,,,,,,,,,,,,,,,,,,,,,,,,,,,,,,,,,,,,,,,,,,,,,,,,,,,,,,,,,,,,,,,,,,,,,,,,,
Apogee,24046,Crimped Engine Hook (2.75 inch long),mm,Crimped Engine Hook (2.75 inch long),general,,,g,0.8,,,,,,,,,,,,,,,,,,,,,,,,,,,,,,,,,,,,,,,,,,,,,,,,,,,,,,,,,,,,,,,,,,,,,,,,,,,,,,,,,,,,,,,,,,,,,,,,,,,,,,,,,,,,,,,,,,,,,,,,,,,,,,,,,,,
AeroPack,24052,24mm Engine Retainer,mm,24mm AeroPack Retainer,general,,Aluminum,g,6.8,,,,,,,,,,,,,,,,,,,,,,,,,,,,,,,,,,,,,,,,,,,,,,,,,,,,,,,,,,,,,,,,,,,,,,,,,,,,,,,,,,,,,,,,,,,,,,,,,,,,,,,,,,,,,,,,,,,,,,,,,,,,,,,,,,,
AeroPack,24051,24mm Aeropack Retainer - L,mm,24mm Aeropack Retainer - L,general,,Aluminum,g,6.8,,,,,,,,,,,,,,,,,,,,,,,,,,,,,,,,,,,,,,,,,,,,,,,,,,,,,,,,,,,,,,,,,,,,,,,,,,,,,,,,,,,,,,,,,,,,,,,,,,,,,,,,,,,,,,,,,,,,,,,,,,,,,,,,,,,
AeroPack,24060,29mm AeroPack Retainer - L,mm,29mm AeroPack Retainer - L,general,,Aluminum,g,15.9,,,,,,,,,,,,,,,,,,,,,,,,,,,,,,,,,,,,,,,,,,,,,,,,,,,,,,,,,,,,,,,,,,,,,,,,,,,,,,,,,,,,,,,,,,,,,,,,,,,,,,,,,,,,,,,,,,,,,,,,,,,,,,,,,,,
AeroPack,24064,29mm AeroPack Retainer - L2,mm,29mm AeroPack Retainer - L2,general,,Aluminum,g,15.9,,,,,,,,,,,,,,,,,,,,,,,,,,,,,,,,,,,,,,,,,,,,,,,,,,,,,,,,,,,,,,,,,,,,,,,,,,,,,,,,,,,,,,,,,,,,,,,,,,,,,,,,,,,,,,,,,,,,,,,,,,,,,,,,,,,
AeroPack,24061,29mm AeroPack Retainer - P,mm,29mm AeroPack Retainer - P,general,,Aluminum,g,14.8,,,,,,,,,,,,,,,,,,,,,,,,,,,,,,,,,,,,,,,,,,,,,,,,,,,,,,,,,,,,,,,,,,,,,,,,,,,,,,,,,,,,,,,,,,,,,,,,,,,,,,,,,,,,,,,,,,,,,,,,,,,,,,,,,,,
AeroPack,24091,38L/3" Tailcone Retainer,mm,38L/3" AeroPack Tailcone Retainer,general,,Aluminum,g,67.3,,,,,,,,,,,,,,,,,,,,,,,,,,,,,,,,,,,,,,,,,,,,,,,,,,,,,,,,,,,,,,,,,,,,,,,,,,,,,,,,,,,,,,,,,,,,,,,,,,,,,,,,,,,,,,,,,,,,,,,,,,,,,,,,,,,
AeroPack,24092,38P/3" Tailcone Retainer,mm,38P/3" Tailcone Retainer,general,,Aluminum,g,65.7,,,,,,,,,,,,,,,,,,,,,,,,,,,,,,,,,,,,,,,,,,,,,,,,,,,,,,,,,,,,,,,,,,,,,,,,,,,,,,,,,,,,,,,,,,,,,,,,,,,,,,,,,,,,,,,,,,,,,,,,,,,,,,,,,,,
AeroPack,24062,38mm AeroPack Retainer - L,mm,38mm AeroPack Retainer - L,general,,Aluminum,g,22.7,,,,,,,,,,,,,,,,,,,,,,,,,,,,,,,,,,,,,,,,,,,,,,,,,,,,,,,,,,,,,,,,,,,,,,,,,,,,,,,,,,,,,,,,,,,,,,,,,,,,,,,,,,,,,,,,,,,,,,,,,,,,,,,,,,,
AeroPack,24063,38mm AeroPack Retainer - P,mm,38mm AeroPack Retainer - P,general,,Aluminum,g,21.1,,,,,,,,,,,,,,,,,,,,,,,,,,,,,,,,,,,,,,,,,,,,,,,,,,,,,,,,,,,,,,,,,,,,,,,,,,,,,,,,,,,,,,,,,,,,,,,,,,,,,,,,,,,,,,,,,,,,,,,,,,,,,,,,,,,
AeroPack,25002,38mm Min Diameter Motor Retainer,mm,38mm Min Diameter Motor Retainer,general,,Aluminum,g,42.3,,,,,,,,,,,,,,,,,,,,,,,,,,,,,,,,,,,,,,,,,,,,,,,,,,,,,,,,,,,,,,,,,,,,,,,,,,,,,,,,,,,,,,,,,,,,,,,,,,,,,,,,,,,,,,,,,,,,,,,,,,,,,,,,,,,
AeroPack,25001,38mm Min Diameter Motor Retainer w/ bypass,mm,38mm Min Diameter Motor Retainer w/ bypass,general,,Aluminum,g,40.1,,,,,,,,,,,,,,,,,,,,,,,,,,,,,,,,,,,,,,,,,,,,,,,,,,,,,,,,,,,,,,,,,,,,,,,,,,,,,,,,,,,,,,,,,,,,,,,,,,,,,,,,,,,,,,,,,,,,,,,,,,,,,,,,,,,
AeroPack,25010,PRO38 Delay/Ejection Closure Adapter (Ceseroni Casings),mm,PRO38 Delay/Ejection Closure Adapter (Ceseroni Casings),general,,Aluminum,g,13.6,,,,,,,,,,,,,,,,,,,,,,,,,,,,,,,,,,,,,,,,,,,,,,,,,,,,,,,,,,,,,,,,,,,,,,,,,,,,,,,,,,,,,,,,,,,,,,,,,,,,,,,,,,,,,,,,,,,,,,,,,,,,,,,,,,,
AeroPack,24093,54L/3" Tailcone Retainer,mm,54L/3" Tailcone Retainer,general,,Aluminum,g,78.9,,,,,,,,,,,,,,,,,,,,,,,,,,,,,,,,,,,,,,,,,,,,,,,,,,,,,,,,,,,,,,,,,,,,,,,,,,,,,,,,,,,,,,,,,,,,,,,,,,,,,,,,,,,,,,,,,,,,,,,,,,,,,,,,,,,
AeroPack,24068,54mm AeroPack Retainer - Flanged,mm,54mm AeroPack Retainer - Flanged,general,,Aluminum,g,64.5,,,,,,,,,,,,,,,,,,,,,,,,,,,,,,,,,,,,,,,,,,,,,,,,,,,,,,,,,,,,,,,,,,,,,,,,,,,,,,,,,,,,,,,,,,,,,,,,,,,,,,,,,,,,,,,,,,,,,,,,,,,,,,,,,,,
AeroPack,24067,54mm AeroPack Retainer - P,mm,54mm AeroPack Retainer - P,general,,Aluminum,g,40.6,,,,,,,,,,,,,,,,,,,,,,,,,,,,,,,,,,,,,,,,,,,,,,,,,,,,,,,,,,,,,,,,,,,,,,,,,,,,,,,,,,,,,,,,,,,,,,,,,,,,,,,,,,,,,,,,,,,,,,,,,,,,,,,,,,,
AeroPack,25003,54mm Min Diameter Motor Retainer,mm,54mm Min Diameter Motor Retainer,general,,Aluminum,g,66.8,,,,,,,,,,,,,,,,,,,,,,,,,,,,,,,,,,,,,,,,,,,,,,,,,,,,,,,,,,,,,,,,,,,,,,,,,,,,,,,,,,,,,,,,,,,,,,,,,,,,,,,,,,,,,,,,,,,,,,,,,,,,,,,,,,,
AeroPack,24094,54P/3" AeroPack Tailcone Retainer,mm,54P/3" AeroPack Tailcone Retainer,general,,Aluminum,g,75.9,,,,,,,,,,,,,,,,,,,,,,,,,,,,,,,,,,,,,,,,,,,,,,,,,,,,,,,,,,,,,,,,,,,,,,,,,,,,,,,,,,,,,,,,,,,,,,,,,,,,,,,,,,,,,,,,,,,,,,,,,,,,,,,,,,,
AeroPack,24097,75L/3.9" Tailcone Retainer,mm,75L/3.9" Tailcone Retainer,general,,Aluminum,g,160.2,,,,,,,,,,,,,,,,,,,,,,,,,,,,,,,,,,,,,,,,,,,,,,,,,,,,,,,,,,,,,,,,,,,,,,,,,,,,,,,,,,,,,,,,,,,,,,,,,,,,,,,,,,,,,,,,,,,,,,,,,,,,,,,,,,,
AeroPack,24054,75mm AeroPack Retainer - L,mm,75mm AeroPack Retainer - L,general,,Aluminum,g,95,,,,,,,,,,,,,,,,,,,,,,,,,,,,,,,,,,,,,,,,,,,,,,,,,,,,,,,,,,,,,,,,,,,,,,,,,,,,,,,,,,,,,,,,,,,,,,,,,,,,,,,,,,,,,,,,,,,,,,,,,,,,,,,,,,,
AeroPack,24055,75mm Aeropack Retainer - P,mm,75mm Aeropack Retainer - P,general,,Aluminum,g,96.4,,,,,,,,,,,,,,,,,,,,,,,,,,,,,,,,,,,,,,,,,,,,,,,,,,,,,,,,,,,,,,,,,,,,,,,,,,,,,,,,,,,,,,,,,,,,,,,,,,,,,,,,,,,,,,,,,,,,,,,,,,,,,,,,,,,
AeroPack,24121,75mm AeroPack Retainer,mm,75mm AeroPack Retainer,general,,Aluminum,g,140.3,,,,,,,,,,,,,,,,,,,,,,,,,,,,,,,,,,,,,,,,,,,,,,,,,,,,,,,,,,,,,,,,,,,,,,,,,,,,,,,,,,,,,,,,,,,,,,,,,,,,,,,,,,,,,,,,,,,,,,,,,,,,,,,,,,,
AeroPack,24069,75mm AeroPack Retainer - Flanged,mm,75mm AeroPack Retainer - Flanged,general,,Aluminum,g,139,,,,,,,,,,,,,,,,,,,,,,,,,,,,,,,,,,,,,,,,,,,,,,,,,,,,,,,,,,,,,,,,,,,,,,,,,,,,,,,,,,,,,,,,,,,,,,,,,,,,,,,,,,,,,,,,,,,,,,,,,,,,,,,,,,,
AeroPack,25004,75mm Min Diameter Motor Retainer,mm,75mm Min Diameter Motor Retainer,general,,Aluminum,g,161.1,,,,,,,,,,,,,,,,,,,,,,,,,,,,,,,,,,,,,,,,,,,,,,,,,,,,,,,,,,,,,,,,,,,,,,,,,,,,,,,,,,,,,,,,,,,,,,,,,,,,,,,,,,,,,,,,,,,,,,,,,,,,,,,,,,,
AeroPack,24098,75P/3.9" Tailcone Retainer,mm,75P/3.9" Tailcone Retainer,general,,Aluminum,g,160.2,,,,,,,,,,,,,,,,,,,,,,,,,,,,,,,,,,,,,,,,,,,,,,,,,,,,,,,,,,,,,,,,,,,,,,,,,,,,,,,,,,,,,,,,,,,,,,,,,,,,,,,,,,,,,,,,,,,,,,,,,,,,,,,,,,,
AeroPack,24059,98mm AeroPack Retainer,mm,98mm AeroPack Retainer - Flanged,general,,Aluminum,g,230,,,,,,,,,,,,,,,,,,,,,,,,,,,,,,,,,,,,,,,,,,,,,,,,,,,,,,,,,,,,,,,,,,,,,,,,,,,,,,,,,,,,,,,,,,,,,,,,,,,,,,,,,,,,,,,,,,,,,,,,,,,,,,,,,,,
AeroPack,25005,98mm Min Diameter Motor Retainer,mm,98mm Min Diameter Motor Retainer,general,,Aluminum,g,295.6,,,,,,,,,,,,,,,,,,,,,,,,,,,,,,,,,,,,,,,,,,,,,,,,,,,,,,,,,,,,,,,,,,,,,,,,,,,,,,,,,,,,,,,,,,,,,,,,,,,,,,,,,,,,,,,,,,,,,,,,,,,,,,,,,,,
AeroPack,24900,38 & 54mm Min. Dia. Retainer Ext. 1.8-2.2",mm,38 & 54mm Min. Dia. Retainer Ext. 1.8-2.2",general,,Aluminum,g,30.4,,,,,,,,,,,,,,,,,,,,,,,,,,,,,,,,,,,,,,,,,,,,,,,,,,,,,,,,,,,,,,,,,,,,,,,,,,,,,,,,,,,,,,,,,,,,,,,,,,,,,,,,,,,,,,,,,,,,,,,,,,,,,,,,,,,
AeroPack,24901,38 & 54mm Min. Dia. Retainer Ext. 2.2-3.0,mm,38 & 54mm Min. Dia. Retainer Ext. 2.2-3.0,general,,Aluminum,g,36,,,,,,,,,,,,,,,,,,,,,,,,,,,,,,,,,,,,,,,,,,,,,,,,,,,,,,,,,,,,,,,,,,,,,,,,,,,,,,,,,,,,,,,,,,,,,,,,,,,,,,,,,,,,,,,,,,,,,,,,,,,,,,,,,,,
AeroPack,24902,38 & 54mm Min. Dia. Retainer Ext. 3.0-4.5,mm,38 & 54mm Min. Dia. Retainer Ext. 3.0-4.5,general,,Aluminum,g,45.7,,,,,,,,,,,,,,,,,,,,,,,,,,,,,,,,,,,,,,,,,,,,,,,,,,,,,,,,,,,,,,,,,,,,,,,,,,,,,,,,,,,,,,,,,,,,,,,,,,,,,,,,,,,,,,,,,,,,,,,,,,,,,,,,,,,
AeroPack,24903,38 & 54mm Min. Dia. Retainer Ext. 4.5-6.6",mm,38 & 54mm Min. Dia. Retainer Ext. 4.5-6.6",general,,Aluminum,g,55.4,,,,,,,,,,,,,,,,,,,,,,,,,,,,,,,,,,,,,,,,,,,,,,,,,,,,,,,,,,,,,,,,,,,,,,,,,,,,,,,,,,,,,,,,,,,,,,,,,,,,,,,,,,,,,,,,,,,,,,,,,,,,,,,,,,,
AeroPack,24905,38 & 54mm Min. Dia. Retainer Ext. 4.2-6.0",mm,38 & 54mm Min. Dia. Retainer Ext. 4.2-6.0",general,,Aluminum,g,83.6,,,,,,,,,,,,,,,,,,,,,,,,,,,,,,,,,,,,,,,,,,,,,,,,,,,,,,,,,,,,,,,,,,,,,,,,,,,,,,,,,,,,,,,,,,,,,,,,,,,,,,,,,,,,,,,,,,,,,,,,,,,,,,,,,,,
AeroPack,24906,75 & 98mm Min. Dia. Retainer Ext. 4.2-6.0",mm,75 & 98mm Min. Dia. Retainer Ext. 4.2-6.0",general,,Aluminum,g,104.6,,,,,,,,,,,,,,,,,,,,,,,,,,,,,,,,,,,,,,,,,,,,,,,,,,,,,,,,,,,,,,,,,,,,,,,,,,,,,,,,,,,,,,,,,,,,,,,,,,,,,,,,,,,,,,,,,,,,,,,,,,,,,,,,,,,
AeroPack,24907,75 & 98mm Min. Dia. Retainer Ext. 4.2-6.0",mm,75 & 98mm Min. Dia. Retainer Ext. 4.2-6.0",general,,Aluminum,g,130,,,,,,,,,,,,,,,,,,,,,,,,,,,,,,,,,,,,,,,,,,,,,,,,,,,,,,,,,,,,,,,,,,,,,,,,,,,,,,,,,,,,,,,,,,,,,,,,,,,,,,,,,,,,,,,,,,,,,,,,,,,,,,,,,,,
Rocketarium,24056,18mm Engine Retainer,mm,18mm Rocketarium Retainer,general,,Aluminum,g,3.7,,,,,,,,,,,,,,,,,,,,,,,,,,,,,,,,,,,,,,,,,,,,,,,,,,,,,,,,,,,,,,,,,,,,,,,,,,,,,,,,,,,,,,,,,,,,,,,,,,,,,,,,,,,,,,,,,,,,,,,,,,,,,,,,,,,
Rocketarium,24050,24mm Engine Retainer,mm,24mm Rocketarium Retainer,general,,Aluminum,g,7.4,,,,,,,,,,,,,,,,,,,,,,,,,,,,,,,,,,,,,,,,,,,,,,,,,,,,,,,,,,,,,,,,,,,,,,,,,,,,,,,,,,,,,,,,,,,,,,,,,,,,,,,,,,,,,,,,,,,,,,,,,,,,,,,,,,,
Estes,24020,29mm Engine Retainer,mm,29mm Estes Retainer,general,,Aluminum,g,13.3,,,,,,,,,,,,,,,,,,,,,,,,,,,,,,,,,,,,,,,,,,,,,,,,,,,,,,,,,,,,,,,,,,,,,,,,,,,,,,,,,,,,,,,,,,,,,,,,,,,,,,,,,,,,,,,,,,,,,,,,,,,,,,,,,,,
Estes,Engine hook,Standard size,mm,Engine hook,general,0,,g,1.4,,,,,,,,,,,,,,,,,,,,,,,,,,,,,,,,,,,,,,,,,,,,,,,,,,,,,,,,,,,,,,,,,,,,,,,,,,,,,,,,,,,,,,,,,,,,,,,,,,,,,,,,,,,,,,,,,,,,,,,,,,,,,,,,,,,
Estes,Engine hook,Mini size,mm,Mini engine hook,general,0,,g,1.01,,,,,,,,,,,,,,,,,,,,,,,,,,,,,,,,,,,,,,,,,,,,,,,,,,,,,,,,,,,,,,,,,,,,,,,,,,,,,,,,,,,,,,,,,,,,,,,,,,,,,,,,,,,,,,,,,,,,,,,,,,,,,,,,,,,
Estes,MylarRing,MylarRing,mm,Estes Mylar Ring,general,0.000000,Custom,g,0.100000
Estes,24022,18mm Engine Retainer,mm,18mm Engine Retainer,general,,Plastic,g,2.33,,,,,,,,,,,,,,,,,,,,,,,,,,,,,,,,,,,,,,,,,,,,,,,,,,,,,,,,,,,,,,,,,,,,,,,,,,,,,,,,,,,,,,,,,,,,,,,,,,,,,,,,,,,,,,,,,,,,,,,,,,,,,,,,,,,
Fins and Fire Rocketry,25015,29mm Flat Bottom Rocket Retainer,mm,29mm Flat Bottom Rocket Retainer,general,,Aluminum,g,17.2,,,,,,,,,,,,,,,,,,,,,,,,,,,,,,,,,,,,,,,,,,,,,,,,,,,,,,,,,,,,,,,,,,,,,,,,,,,,,,,,,,,,,,,,,,,,,,,,,,,,,,,,,,,,,,,,,,,,,,,,,,,,,,,,,,,
Fins and Fire Rocketry,25016,38mm Flat Bottom Rocket Retainer,mm,38mm Flat Bottom Rocket Retainer,general,,Aluminum,g,21.2,,,,,,,,,,,,,,,,,,,,,,,,,,,,,,,,,,,,,,,,,,,,,,,,,,,,,,,,,,,,,,,,,,,,,,,,,,,,,,,,,,,,,,,,,,,,,,,,,,,,,,,,,,,,,,,,,,,,,,,,,,,,,,,,,,,
Jolly Logic,9135,AltimeterTwo,mm,AltimeterTwo,general,0.000000,,g,10.21,,,,,,,,,,,,,,,,,,,,,,,,,,,,,,,,,,,,,,,,,,,,,,,,,,,,,,,,,,,,,,,,,,,,,,,,,,,,,,,,,,,,,,,,,,,,,,,,,,,,,,,,,,,,,,,,,,,,,,,,,,,,,,,,,,,
Jolly Logic,9138,AltimeterOne,mm,AltimeterOne,general,,,g,10.21,,,,,,,,,,,,,,,,,,,,,,,,,,,,,,,,,,,,,,,,,,,,,,,,,,,,,,,,,,,,,,,,,,,,,,,,,,,,,,,,,,,,,,,,,,,,,,,,,,,,,,,,,,,,,,,,,,,,,,,,,,,,,,,,,,,
Jolly Logic,9159,AltimeterThree,mm,AltimeterThree,general,,,g,10.21,,,,,,,,,,,,,,,,,,,,,,,,,,,,,,,,,,,,,,,,,,,,,,,,,,,,,,,,,,,,,,,,,,,,,,,,,,,,,,,,,,,,,,,,,,,,,,,,,,,,,,,,,,,,,,,,,,,,,,,,,,,,,,,,,,,
AltusMetrum,9150,MicroPeak Altimeter,mm,MicroPeak Altimeter,general,0,,g,1.9,,,,,,,,,,,,,,,,,,,,,,,,,,,,,,,,,,,,,,,,,,,,,,,,,,,,,,,,,,,,,,,,,,,,,,,,,,,,,,,,,,,,,,,,,,,,,,,,,,,,,,,,,,,,,,,,,,,,,,,,,,,,,,,,,,,
AltusMetrum,9201,EasyMini Altimeter,mm,EasyMini Altimeter,general,,,g,6.52,,,,,,,,,,,,,,,,,,,,,,,,,,,,,,,,,,,,,,,,,,,,,,,,,,,,,,,,,,,,,,,,,,,,,,,,,,,,,,,,,,,,,,,,,,,,,,,,,,,,,,,,,,,,,,,,,,,,,,,,,,,,,,,,,,,
AltusMetrum,9131,TeleMetrum Altimeter,mm,TeleMetrum Altimeter,general,,,g,20.13,,,,,,,,,,,,,,,,,,,,,,,,,,,,,,,,,,,,,,,,,,,,,,,,,,,,,,,,,,,,,,,,,,,,,,,,,,,,,,,,,,,,,,,,,,,,,,,,,,,,,,,,,,,,,,,,,,,,,,,,,,,,,,,,,,,
AltusMetrum,9200,TeleMega Altimeter,mm,TeleMega Altimeter,general,,,g,24.95,,,,,,,,,,,,,,,,,,,,,,,,,,,,,,,,,,,,,,,,,,,,,,,,,,,,,,,,,,,,,,,,,,,,,,,,,,,,,,,,,,,,,,,,,,,,,,,,,,,,,,,,,,,,,,,,,,,,,,,,,,,,,,,,,,,
AltusMetrum,9208,EasyMega Altimeter,mm,EasyMega Altimeter,general,,,g,14.2,,,,,,,,,,,,,,,,,,,,,,,,,,,,,,,,,,,,,,,,,,,,,,,,,,,,,,,,,,,,,,,,,,,,,,,,,,,,,,,,,,,,,,,,,,,,,,,,,,,,,,,,,,,,,,,,,,,,,,,,,,,,,,,,,,,
Missile Works,9095,RRC3 Sport Altimeter,mm,RRC3 Sport Altimeter,general,,,g,17.01,,,,,,,,,,,,,,,,,,,,,,,,,,,,,,,,,,,,,,,,,,,,,,,,,,,,,,,,,,,,,,,,,,,,,,,,,,,,,,,,,,,,,,,,,,,,,,,,,,,,,,,,,,,,,,,,,,,,,,,,,,,,,,,,,,,
Adrel,9230,Adrel Altimeter,mm,Adrel Altimeter,general,,,g,1.0,,,,,,,,,,,,,,,,,,,,,,,,,,,,,,,,,,,,,,,,,,,,,,,,,,,,,,,,,,,,,,,,,,,,,,,,,,,,,,,,,,,,,,,,,,,,,,,,,,,,,,,,,,,,,,,,,,,,,,,,,,,,,,,,,,,
Entacore,9133,AIM Altimeter,mm,AIM Altimeter,general,,,g,12.81,,,,,,,,,,,,,,,,,,,,,,,,,,,,,,,,,,,,,,,,,,,,,,,,,,,,,,,,,,,,,,,,,,,,,,,,,,,,,,,,,,,,,,,,,,,,,,,,,,,,,,,,,,,,,,,,,,,,,,,,,,,,,,,,,,,
PerfectFlite,9101,Firefly Altimeter,mm,Firefly Altimeter,general,,,g,3.4,,,,,,,,,,,,,,,,,,,,,,,,,,,,,,,,,,,,,,,,,,,,,,,,,,,,,,,,,,,,,,,,,,,,,,,,,,,,,,,,,,,,,,,,,,,,,,,,,,,,,,,,,,,,,,,,,,,,,,,,,,,,,,,,,,,
PerfectFlite,9107,APRA Altimeter,mm,APRA Altimeter,general,,,g,15.88,,,,,,,,,,,,,,,,,,,,,,,,,,,,,,,,,,,,,,,,,,,,,,,,,,,,,,,,,,,,,,,,,,,,,,,,,,,,,,,,,,,,,,,,,,,,,,,,,,,,,,,,,,,,,,,,,,,,,,,,,,,,,,,,,,,
PerfectFlite,9106,PNUT Altimeter,mm,PNUT Altimeter,general,,,g,7.37,,,,,,,,,,,,,,,,,,,,,,,,,,,,,,,,,,,,,,,,,,,,,,,,,,,,,,,,,,,,,,,,,,,,,,,,,,,,,,,,,,,,,,,,,,,,,,,,,,,,,,,,,,,,,,,,,,,,,,,,,,,,,,,,,,,
PerfectFlite,9104,Stratologger Altimeter CF,mm,Stratologger Altimeter CF,general,,,g,10.77,,,,,,,,,,,,,,,,,,,,,,,,,,,,,,,,,,,,,,,,,,,,,,,,,,,,,,,,,,,,,,,,,,,,,,,,,,,,,,,,,,,,,,,,,,,,,,,,,,,,,,,,,,,,,,,,,,,,,,,,,,,,,,,,,,,
LOC Precision,SCM-1,Shock cord mount,mm,Shock cord mount,shockcord,304.8,1/16 In. braided nylon,g,7.0874,,,,,,,,,,,,,,,,,,,,,,,,,,,,,,,,,,,,,,,,,,,,,,,,,,,,,,,,,,,,,,,,,,,,,,,,,,,,,,,,,,,,,,,,,,,,,,,,,,,,,,,,,,,,,,,,,,,,,,,,,,,,,,,,,,,
LOC Precision,SCM-2,Shock cord mount,mm,Shock cord mount,shockcord,457.2,1/16 In. braided nylon,g,7.0874,,,,,,,,,,,,,,,,,,,,,,,,,,,,,,,,,,,,,,,,,,,,,,,,,,,,,,,,,,,,,,,,,,,,,,,,,,,,,,,,,,,,,,,,,,,,,,,,,,,,,,,,,,,,,,,,,,,,,,,,,,,,,,,,,,,
LOC Precision,SC-250,1/4 In Elastic shock cord,mm,Shock cord,shockcord,1828.8,1/4 In. flat elastic,g,7.0874,,,,,,,,,,,,,,,,,,,,,,,,,,,,,,,,,,,,,,,,,,,,,,,,,,,,,,,,,,,,,,,,,,,,,,,,,,,,,,,,,,,,,,,,,,,,,,,,,,,,,,,,,,,,,,,,,,,,,,,,,,,,,,,,,,,
LOC Precision,SC-375,3/8 In Elastic shock cord,mm,Shock cord,shockcord,1651,3/8 inch Flat Elastic,g,0,,,,,,,,,,,,,,,,,,,,,,,,,,,,,,,,,,,,,,,,,,,,,,,,,,,,,,,,,,,,,,,,,,,,,,,,,,,,,,,,,,,,,,,,,,,,,,,,,,,,,,,,,,,,,,,,,,,,,,,,,,,,,,,,,,,
LOC Precision,SC-500,1/2 In Elastic shock cord,mm,Shock cord,shockcord,4572,1/2 In. flat elastic,g,0,,,,,,,,,,,,,,,,,,,,,,,,,,,,,,,,,,,,,,,,,,,,,,,,,,,,,,,,,,,,,,,,,,,,,,,,,,,,,,,,,,,,,,,,,,,,,,,,,,,,,,,,,,,,,,,,,,,,,,,,,,,,,,,,,,,
LOC Precision,SC-750,3/4 In Elastic shock cord,mm,Shock cord,shockcord,4572,3/4 In. flat elastic,g,0,,,,,,,,,,,,,,,,,,,,,,,,,,,,,,,,,,,,,,,,,,,,,,,,,,,,,,,,,,,,,,,,,,,,,,,,,,,,,,,,,,,,,,,,,,,,,,,,,,,,,,,,,,,,,,,,,,,,,,,,,,,,,,,,,,,
LOC Precision,SC-1000,1 In Elastic shock cord,mm,Shock cord,shockcord,4572,1 In. flat elastic,g,0,,,,,,,,,,,,,,,,,,,,,,,,,,,,,,,,,,,,,,,,,,,,,,,,,,,,,,,,,,,,,,,,,,,,,,,,,,,,,,,,,,,,,,,,,,,,,,,,,,,,,,,,,,,,,,,,,,,,,,,,,,,,,,,,,,,
LOC Precision,SCM-3,Shock cord mount,mm,Shock cord mount,shockcord,508,1/16 In. braided nylon,g,7.0874,,,,,,,,,,,,,,,,,,,,,,,,,,,,,,,,,,,,,,,,,,,,,,,,,,,,,,,,,,,,,,,,,,,,,,,,,,,,,,,,,,,,,,,,,,,,,,,,,,,,,,,,,,,,,,,,,,,,,,,,,,,,,,,,,,,
LOC Precision,SCTN-20,Tubular Nylon 9/16 In x 20 Ft,mm,Shock cord,shockcord,6096,9/16 In. tubular nylon,g,102.0583,,,,,,,,,,,,,,,,,,,,,,,,,,,,,,,,,,,,,,,,,,,,,,,,,,,,,,,,,,,,,,,,,,,,,,,,,,,,,,,,,,,,,,,,,,,,,,,,,,,,,,,,,,,,,,,,,,,,,,,,,,,,,,,,,,,
LOC Precision,SCTN-30,Tubular Nylon 9/16 In x 30 Ft,mm,Shock cord,shockcord,9144,9/16 In. tubular nylon,g,153.0874,,153.0874,153.0874,153.0874,153.0874,153.0874,153.0874,153.0874,153.0874,153.0874,153.0874,153.0874,153.0874,153.0874,153.0874,153.0874,153.0874,153.0874,153.0874,153.0874,153.0874,153.0874,153.0874,153.0874,153.0874,153.0874,153.0874,153.0874,153.0874,153.0874,153.0874,153.0874,153.0874,153.0874,153.0874,153.0874,153.0874,153.0874,153.0874,153.0874,153.0874,153.0874,153.0874,153.0874,153.0874,153.0874,153.0874,153.0874,153.0874,153.0874,153.0874,153.0874,153.0874,153.0874,153.0874,153.0874,153.0874,153.0874,153.0874,153.0874,153.0874,153.0874,153.0874,153.0874,153.0874,153.0874,153.0874,153.0874,153.0874,153.0874,153.0874,153.0874,153.0874,153.0874,153.0874,153.0874,153.0874,153.0874,153.0874,153.0874,153.0874,153.0874,153.0874,153.0874,153.0874,153.0874,153.0874,153.0874,153.0874,153.0874,153.0874,153.0874,153.0874,153.0874,153.0874,153.0874,153.0874,153.0874,153.0874,153.0874,153.0874,153.0874,153.0874,153.0874,153.0874,153.0874,153.0874,153.0874,153.0874,153.0874,153.0874,153.0874,153.0874,153.0874,153.0874,153.0874,153.0874,153.0874,153.0874,153.0874,153.0874,153.0874,153.0874,153.0874,153.0874,153.0874,153.0874,153.0874,153.0874,153.0874,153.0874
Madcow Rocketry,24081,24mm Retainer Plate,mm,24mm Retainer Plate,general,,Steel,g,12.5,,,,,,,,,,,,,,,,,,,,,,,,,,,,,,,,,,,,,,,,,,,,,,,,,,,,,,,,,,,,,,,,,,,,,,,,,,,,,,,,,,,,,,,,,,,,,,,,,,,,,,,,,,,,,,,,,,,,,,,,,,,,,,,,,,,
Madcow Rocketry,24082,29mm Retainer Plate,mm,29mm Retainer Plate,general,,Steel,g,11.1,,,,,,,,,,,,,,,,,,,,,,,,,,,,,,,,,,,,,,,,,,,,,,,,,,,,,,,,,,,,,,,,,,,,,,,,,,,,,,,,,,,,,,,,,,,,,,,,,,,,,,,,,,,,,,,,,,,,,,,,,,,,,,,,,,,
Madcow Rocketry,24083,29/38mm Retainer Plate,mm,29/38mm Retainer Plate,general,,Steel,g,19.3,,,,,,,,,,,,,,,,,,,,,,,,,,,,,,,,,,,,,,,,,,,,,,,,,,,,,,,,,,,,,,,,,,,,,,,,,,,,,,,,,,,,,,,,,,,,,,,,,,,,,,,,,,,,,,,,,,,,,,,,,,,,,,,,,,,
Madcow Rocketry,24084,38mm Retainer Plate,mm,38mm Retainer Plate,general,,Steel,g,16.6,,,,,,,,,,,,,,,,,,,,,,,,,,,,,,,,,,,,,,,,,,,,,,,,,,,,,,,,,,,,,,,,,,,,,,,,,,,,,,,,,,,,,,,,,,,,,,,,,,,,,,,,,,,,,,,,,,,,,,,,,,,,,,,,,,,
Semroc,EH-18,Engine Hook Mini,in.,Engine Hook Mini,general,0,,g,0.93,,,,,,,,,,,,,,,,,,,,,,,,,,,,,,,,,,,,,,,,,,,,,,,,,,,,,,,,,,,,,,,,,,,,,,,,,,,,,,,,,,,,,,,,,,,,,,,,,,,,,,,,,,,,,,,,,,,,,,,,,,,,,,,,,,,
Semroc,EH-28,Engine Hook Standard,in.,Engine Hook Standard,general,0,,g,1.4,,,,,,,,,,,,,,,,,,,,,,,,,,,,,,,,,,,,,,,,,,,,,,,,,,,,,,,,,,,,,,,,,,,,,,,,,,,,,,,,,,,,,,,,,,,,,,,,,,,,,,,,,,,,,,,,,,,,,,,,,,,,,,,,,,,
Semroc,EH-38,Engine Hook E,in.,Engine Hook E,general,0,,g,1.85,,,,,,,,,,,,,,,,,,,,,,,,,,,,,,,,,,,,,,,,,,,,,,,,,,,,,,,,,,,,,,,,,,,,,,,,,,,,,,,,,,,,,,,,,,,,,,,,,,,,,,,,,,,,,,,,,,,,,,,,,,,,,,,,,,,
Semroc,SE-10,Screw Eye,in.,Screw Eye,general,0,,g,0.567,,,,,,,,,,,,,,,,,,,,,,,,,,,,,,,,,,,,,,,,,,,,,,,,,,,,,,,,,,,,,,,,,,,,,,,,,,,,,,,,,,,,,,,,,,,,,,,,,,,,,,,,,,,,,,,,,,,,,,,,,,,,,,,,,,,
Semroc,SE-12,Screw Eye-Large,in.,Screw Eye-Large,general,0,,g,0.6,,,,,,,,,,,,,,,,,,,,,,,,,,,,,,,,,,,,,,,,,,,,,,,,,,,,,,,,,,,,,,,,,,,,,,,,,,,,,,,,,,,,,,,,,,,,,,,,,,,,,,,,,,,,,,,,,,,,,,,,,,,,,,,,,,,
