Mfg.,Part No.,Desc.,Units,Length,Outer Dia,L/D Ratio,Insert Length,Insert OD,Thickness,Shape,Config,Material,CG Loc,Mass Units,Mass,Base Ext. Len
Aerospace Speciality Products,BNC20TT,TT-20 Balsa Nose Cone TT,1,67.31,19.9,0,15.9,18.4,0,2,0,Balsa,0,2,1.5,0
Aerospace Speciality Products,BNC60TB,T-60 Balsa Nose Cone TB,1,82.5,41.6,0,19.8,40,0,2,0,Balsa,0,2,9,0
Aerospace Speciality Products,BNC70S,T-70H Balsa Nose Cone S,1,82.5,56.3,0,25.4,54.5,0,3,0,Balsa,0,2,20,0
Aerospace Speciality Products,BNC80S,T-80H Balsa Nose Cone S,1,88.9,66.3,0,38.1,64.3,0,3,0,Balsa,0,2,0,0
Aerotech,11191,1.9in Nose Cone,0,9.5,1.9,0,2.5,1.77,0.125,1,1,Polystyrene PS,6,0,1.7,0
Aerotech,11261,2.6in Nose Cone,0,12.5,2.6,0,3,2.48,0.125,1,1,Polystyrene PS,7.75,0,2.4,0
Aerotech,11401,4in Nose Cone 4:1 Ogive,1,400.05,101.6,0,101.6,98.425,2.3622,ogive,hollow,Polyethylene LDPE,254,g,141,0
Aerotech,11405,4in Nose Cone - Sumo,1,406.4,101.6,0,101.6,98.425,2.54,ogive,hollow,Polyethylene LDPE,209.55,g,255.146,0
Apogee,14811,56mm TARC Foam Nose Cone,mm,63.5,56.3118,0,25.4,55.372,0,elliptical,solid,Flexible Urethane Foam - firm,63.5,g,23.5,0
Apogee,14812,66mm TARC Foam Nose cone,mm,63.5,66.04,0,25.4,65.786,0,elliptical,solid,Flexible Urethane Foam - firm,63.5,g,29.4,0
Apogee,14824,74mm TARC Foam Nose cone,1,76.2,76.2,0,25.4,74.3,0,3,0,Flexible Urethane Foam - firm,0,2,0,0
Apogee,19420,Science Fair NC 1,mm,76.2,24.7904,0,19.05,24.003,0,cone,solid,Balsa,69.85,g,3.3,0
Apogee,19421,Science Fair NC 2,mm,25.4,24.7904,0,19.05,24.003,0,cone,solid,Balsa,0,g,0,50.8
Apogee,19422,Science Fair NC 3,mm,76.2,24.7904,0,19.05,24.003,0,ogive,solid,Balsa,69.85,g,4.9,0
Apogee,19423,Science Fair NC 4,mm,76.2,24.7904,0,19.05,24.003,0,elliptical,solid,Balsa,57.15,g,4.5,0
Apogee,19424,Science Fair NC 5,mm,76.2,24.7904,0,19.05,24.003,0,power-series,solid,Balsa,50.8,g,4.3,0
Apogee,19490,PNC-74A (3in Thin Wall Nose Cone),mm,381,76.2,0,76.2,73.66,1.3843,ogive,hollow,Polystyrene PS,0,g,0,0
Apogee,19493,PNC-98mm (4 inch),1,503.123,101.6,0,101.6,99.06,1.651,1,1,Polypropylene,0,2,0,0
Apogee,19682,VNC-13,mm,29.972,13.7998,0,15.1994,12.6009,0.4064,elliptical,hollow,Polystyrene PS,0,g,0,0
Apogee,19700,PNC-13A,mm,38.1,13.7998,0,9.5301,12.6009,1.0008,parabolic,hollow,Polystyrene PS,0,g,0,0
Apogee,19714,PNC 29A,1,108,29.9,0,30,28.8,1,1,1,Polystyrene PS,73,2,11.8,0
Apogee,19800,PNC-18A,mm,57.0992,18.6995,0,10.2006,17.5006,0.762,parabolic,hollow,Polystyrene PS,0,g,0,0
Apogee,19801,PNC-18B,mm,57.15,18.6995,0,15.875,17.5006,0.7112,ogive,hollow,Polystyrene PS,0,g,0,0
Apogee,19802,PNC-18C,mm,76.2,18.6995,0,15.9004,17.5006,1.3462,ogive,hollow,Polystyrene PS,0,g,0,0
Apogee,19803,PNC-18D,mm,44.45,18.6995,1,15.9004,17.5006,2.413,ogive,hollow,Polystyrene PS,0,g,0,0
Apogee,19807,Vac Form VNC-18 ogive,0,1.88,0.736,0,0.6,0.706,0.013,1,1,Polystyrene PS,0,2,0,0
Apogee,19997,VFNC 24B,mm,34.798,24.7904,0,22.098,24.13,0.3048,elliptical,hollow,Polystyrene PS,0,g,0,0
Apogee,19998,PNC-24D,mm,69.85,24.892,0,15.875,24.0284,1.4732,ogive,hollow,Polystyrene PS,0,g,0,0
Apogee,19999,PNC-24C,mm,104.775,24.892,0,15.875,24.0284,1.4224,ogive,hollow,Polystyrene PS,0,g,0,0
Apogee,20000,PNC-24A,mm,76.2,24.8006,0,19.1008,23.5991,0.7874,parabolic,hollow,Polystyrene PS,0,g,0,0
Apogee,20060,VNC-30mm (F.A.I. Style),mm,44.45,29.972,0,0,0,0.2286,elliptical,hollow,Polystyrene PS,0,g,0,0
Apogee,20061,VNC-40 F.A.I. Style,mm,58.293,39.878,0,0,0,0.1778,elliptical,hollow,Polystyrene PS,0,g,0,0
Apogee,20063,VNC-40 Lightweight F.A.I. Style,mm,57.658,39.878,0,22.352,39.624,0.1067,parabolic,hollow,Polystyrene PS,0,g,0,0
Apogee,20068,PNC-33 (BT-55 nose cone),mm,134.62,33.6804,0,34.29,32.512,1.3538,ogive,hollow,Polystyrene PS,0,g,0,0
Apogee,20069,PNC-41.6,mm,123.952,41.6001,0,36.83,40.5003,1.27,ogive,hollow,Polystyrene PS,0,g,0,0
Apogee,20070,PNC-56A (Fits BT-70 tubes),mm,266.7,56.2991,0,56.6928,53.1012,1.143,ogive,hollow,Polystyrene PS,0,g,0,0
Apogee,20080,PNC-66A (BT-80),mm,228.6,66.04,0,76.2,65.786,1.1938,ogive,hollow,Polystyrene PS,0,g,0,0
Apogee,20102-fwd,VF Egg Capsule NC White Front Half,mm,62.23,46.228,0,0,0,0.6096,elliptical,hollow,Polystyrene PS,0,g,0,0
Apogee,20104,VF Egg Capsule NC Clear Front Half,mm,62.23,46.228,0,0,0,0.508,elliptical,hollow,Polystyrene PS,0,g,0,0
Balsa Machining,PNC300K,PNC-3.00,mm,279.4,76.2,0,76.2,74.422,1.4427,ogive,hollow,Polystyrene PS,0,g,0,0
Balsa Machining,BMS20V2C,V2 Nose Cone w/bored hole,0,2.25,0.73,0,0.5,0.71,0,1,0,Balsa,0,0,0,0
Balsa Machining,BMS60V2C,V2 cone with 4 inch deep bored hole,0,5.25,1.63,0,0.75,1.59,0,1,0,Balsa,0,0,0,0
Balsa Machining,BNC20L,Estes CYL-Ogive,0,1.4,0.73,0,0.5,0.71,0,1,0,Balsa,0,0,0,0.5
Balsa Machining,BNC20N,Estes Classic,0,2.7,0.73,0,0.5,0.71,0,1,0,Balsa,0,0,0,1
Balsa Machining,BNC20R,Estes Classic,0,2.75,0.73,0,0.5,0.71,0,0,0,Balsa,0,0,0,0
Balsa Machining,BNC20Y,Estes Classic,0,1.05,0.73,0,0.5,0.71,0,0,0,Balsa,0,0,0,0
Balsa Machining,BNC30E,Estes-CYL-Ogive,0,2.19,0.76,0,0.5,0.72,0,1,0,Balsa,0,0,0,0.3
Balsa Machining,BNC30N,BT30 Ogive,0,2.75,0.76,0,0.5,0.72,0,1,0,Balsa,0,0,0,0
Balsa Machining,BNC55F,V2 nose cone,0,4.2,1.32,0,0.7,1.28,0,1,0,Balsa,0,0,0,0
Balsa Machining,BNC55O61,BT55 6:1 Ogive,0,6,1.32,0,0.75,1.28,0,1,0,Balsa,0,0,0,0
Balsa Machining,BNC5AW,Estes Classic,0,2.25,0.54,0,0.5,0.51,0,1,0,Balsa,0,0,0,0
Balsa Machining,BNC5AX,Estes-Ogive,0,2.17,0.54,0,0.5,0.51,0,1,0,Balsa,0,0,0,0
Balsa Machining,BNC5E,Estes Classic,0,1.38,0.54,0,0.5,0.51,0,1,0,Balsa,0,0,0,0
Balsa Machining,BNC5O51,BT5 5:1 Ogive,0,2.72,0.54,0,0.4,0.51,0,1,0,Balsa,0,0,0,0
Balsa Machining,BNC5S,Estes Classic,0,1.5,0.54,0,0.5,0.51,0,1,0,Balsa,0,0,0,0
Balsa Machining,BNC5W,Estes Classic,0,2.8,0.54,0,0.5,0.51,0,1,0,Balsa,0,0,0,0
Balsa Machining,BOMARC,Estes Citation BOMARC (bored hole),0,4.15,1.32,0,0.9,1.28,0,1,0,Balsa,0,0,0,0
Balsa Machining,CENBC107,Centuri Ogive,0,5.25,1.04,0,0.5,1,0,1,0,Balsa,0,0,0,0
Balsa Machining,CENBC79,Centuri Conical,0,2.6,0.79,0,0.5,0.72,0,1,0,Balsa,0,0,0,0
Balsa Machining,CENBC89,Centuri Ogive,0,5.5,0.9,0,0.75,0.85,0,1,0,Balsa,0,0,0,0
Balsa Machining,CENV2NC,Centuri V2 nose cone w/ bored hole,0,5.5,1.67,0,0.75,1.59,0,1,0,Balsa,0,0,0,0
Estes,BNC-20AM,,0,2,0.736,0,0.5,0.611,0.125,2,1,Balsa,1.25,0,0.06,0
Estes,BNC-20B,,0,1.7,0.736,0,0.5,0.611,0.125,2,1,Balsa,1.1,0,0.05,0
Estes,BNC-20R,,0,2.75,0.736,0,0.5,0.611,0.125,0,1,Balsa,1.62,0,0.07,0
Estes,BNC-20Y,,0,0.95,0.736,0,0.5,0.611,0.125,0,1,Balsa,0.725,0,0.02,0
Estes,BNC-50J,,0,1.37,0.976,0,0.5,0.851,0.125,2,1,Balsa,0.935,0,0.08,0
Estes,BNC-50K,,0,2.75,0.976,0,0.5,0.851,0.125,1,1,Balsa,1.62,0,0.13,0
Estes,BNC-50KA,,0,2.73,0.976,0,0.75,0.851,0.125,1,1,Balsa,1.74,0,0.13,0
Estes,BNC-50Y,,0,4.35,0.976,0,0.5,0.851,0.125,1,1,Balsa,2.42,0,0.16,0
Estes,BNC-5E,,0,1.38,0.544,0,0.25,0.419,0.125,2,1,Balsa,0.812,0,0.02,0
Estes,BNC-5S,,0,1.5,0.544,0,0.25,0.419,0.125,0,1,Balsa,0.875,0,0.016,0
Estes,BNC-5V,,0,0.75,0.544,0,0.25,0.419,0.125,2,1,Balsa,0.5,0,0.013,0
Estes,BNC-5W,,0,2.8,0.544,0,0.25,0.419,0.125,1,1,Balsa,1.52,0,0.039,0
Estes,BNC-70AJ,,0,4.4,2.22,0,0.75,2.09,0.125,2,1,"G10 (PML 0.062"")",2.58,0,0.85,0
Estes,DART,DART,0,2.88,0.736,0,0.5,0.71,0.032,1,1,Polystyrene PS,0,2,0,0
Estes,PNC-20,Reliant/Viking BT-20,1,72,18.7,0,20,17.5,1.75,1,1,Polystyrene PS,54,2,5.1,0
Estes,PNC-20,Solar racer,1,67.5,18.7,0,19,17.5,1.17,1,1,Polystyrene PS,45,2,3.35,0
Estes,PNC-55AC,PNC-55 AC BULL PUP - BT-55,mm,134.62,33.655,0,12.7,32.1005,0.9398,ogive,hollow,Polystyrene PS,0,g,0,0
Estes,PNC-55BB,PNC-55 BB,mm,165.1,33.655,0,24.892,32.1005,0.9906,cone,hollow,Polystyrene PS,0,g,0,0
Estes,PNC-60 Long A,PNC-60 Long Pack NC A,mm,133.35,41.656,0,31.75,39.6875,1.27,elliptical,hollow,Polystyrene PS,0,g,0,0
Estes,PNC-60 Long B,PNC-60 Long Pack NC B,mm,215.9,41.656,0,31.75,28.575,0.9931,ogive,hollow,Polystyrene PS,0,g,0,0
Estes,PNC-60 Long C,PNC-60 Long Pack NC C,mm,203.2,41.656,0,31.75,40.386,1.016,ogive,hollow,Polystyrene PS,0,g,0,0
Estes,PNC-60AH,,0,6.75,1.64,0,0.8,1.51,0.125,2,1,Polystyrene PS,3.77,0,1,0
Estes,PNC-60MS,,0,2.5,1.64,0,0.75,1.51,0.125,2,1,Polystyrene PS,1.62,0,0.39,0
Estes,PNC-80BB,,0,4,2.6,0,1.75,2.48,0.125,2,1,Polystyrene PS,2.88,0,1.18,0
Estes,PNC-80K,,0,8.15,2.6,0,1,2.48,0.125,1,1,Polystyrene PS,4.58,0,1.68,0
Estes,Reliant/Viking BT-20,,1,72,18.7,0,20,17.5,1.75,1,1,Polystyrene PS,54,2,5.1,0
Estes,Solar racer,,1,67.5,18.7,0,19,17.5,1.17,1,1,Polystyrene PS,45,2,3.35,0
Giant Leap,NC-2.56,2.56 in. Nosecone,1,228.6,65.024,0,0,0,1.778,1,1,Polycarbonate,0,2,0,55.88
Giant Leap,NC-3.00,3.00 in. Nosecone,1,285.75,76.2,0,0,0,1.778,1,1,Polycarbonate,0,2,0,76.2
Giant Leap,NC-3.90,3.90 in. Nosecone,1,419.1,99.06,0,0,0,2.032,1,1,Polycarbonate,0,2,0,83.82
Giant Leap,NC-38,38mm Nosecone,1,203.2,38,0,0,0,4.318,1,1,Polycarbonate,0,2,0,44.45
Giant Leap,NC-54,54mm Nosecone,1,279.4,54,0,0,0,2.286,1,1,Polycarbonate,0,2,0,76.2
LOC Precision,PNC-1.52,LOC PNC-1.52,0,8,1.6,0,2,1.48,0.125,1,1,Polypropylene,5,0,3.5,0
LOC Precision,PNC-1.52 THIN,LOC PNC-1.52 THIN,mm,203.2,41.402,0,50.8,37.592,1.7399,ogive,hollow,Polypropylene,0,g,0,0
LOC Precision,PNC-2.14,LOC PNC-2.14,0,9.5,2.3,0,2.5,2.17,0.125,1,1,Polypropylene,6,0,4,0
LOC Precision,PNC-2.56,LOC PNC-2.56,0,9,2.6,0,2.62,2.48,0.125,1,1,Polypropylene,5.81,0,3,0
LOC Precision,PNC-3.00,LOC PNC-3.00,0,11.2,3.1,0,3.75,2.98,0.125,1,1,Polypropylene,7.5,0,5,0
LOC Precision,PNC-3.90,LOC PNC-3.90,0,12.8,4,0,3.75,3.88,0.125,1,1,Polypropylene,8.25,0,5,0
LOC Precision,PNC-5.38 (Short),LOC PNC-5.38 (Short),0,13,5.5,0,4,5.38,0.125,1,1,Polypropylene,8.5,0,10,0
LOC Precision,PNC-5.38 (Long),LOC PNC-5.38 (Long),0,21,5.5,0,5,5.38,0.125,1,1,Polypropylene,17,0,20,0
LOC Precision,PNC-7.51,LOC PNC-7.51,0,22,7.67,0,5,7.55,0.125,1,1,Polypropylene,13.5,0,32,0
Madcow Rocketry,20146,"PNC-3.00"" (75mm) x 12.5""",0,12.5,3,0,2.38,2.952,0,2,1,Polypropylene,0,2,133.3,0
Madcow Rocketry,20147,PNC-4.00 (98mm) x 9.5in,mm,241.3,101.6,0,76.2,97.9932,2.413,parabolic,hollow,Polypropylene,0,g,0,0
Madcow Rocketry,20148,PNC-4.00 (98mm) x 16.5in,mm,419.1,101.6,0,82.55,97.9932,2.6822,parabolic,hollow,Polypropylene,0,g,0,0
Madcow Rocketry,,"2.6"" Fiberglass 3:1 Ogive Nose Cone",0,8.13,2.68,,2.5,2.58,0,1,1,Fiberglass,0,2,76.9,0
Madcow Rocketry,,"2.6"" Fiberglass 5:1 Ogive Nose Cone",0,17.5,2.68,0,3.75,2.58,0,1,1,Fiberglass,0,2,135.5,0
Madcow Rocketry,,"5.5"" Fiberglass 5:1 Conical Nose Cone",0,30,5.5,0,5.75,5.28,0,0,1,Fiberglass,0,2,494.3,0
Public Missiles,FNC-11.41,Fiberglass nose cone,0,42,11.7,4.2,6,11.6,0.125,1,1,Fiberglass,24,0,80,0
Public Missiles,FNC-11.4HRPN,Fiberglass nose cone,0,23,11.7,0,6,11.4,0.088,0,1,Fiberglass,21,0,81,0
Public Missiles,FNC-6.00,Fiberglass nose cone,0,24,6.1,4.2,5.5,5.97,0.125,1,1,Fiberglass,14.5,0,28,0
Public Missiles,FNC-7.51,Fiberglass nose cone,0,29,7.7,4.2,6,7.58,0.125,1,1,Fiberglass,18,0,44,0
Public Missiles,IC-2.1-1.1,Intellicone,0,9.5,2.3,4.2,3,2.17,0.125,1,1,Polystyrene PS,0,0,4.7,0
Public Missiles,IC-2.6-1.5,Intellicone,0,11.2,2.7,4.2,2,2.58,0.125,1,1,Polystyrene PS,0,0,7.2,0
Public Missiles,IC-3.0-2.1,Intellicone,0,13.2,3.1,4.2,2.5,2.98,0.125,1,1,Polystyrene PS,0,0,8.7,0
Public Missiles,IC-3.9-2.1,Intellicone,0,16.8,4,4.2,3,3.88,0.125,1,1,Polystyrene PS,0,0,14.4,0
Public Missiles,PNC-2.15,Plastic nose cone,0,9.5,2.3,4.2,1.75,2.17,0.125,1,1,Polystyrene PS,7.5,0,3.5,0
Public Missiles,PNC-2.56,Plastic nose cone,0,11.2,2.7,4.2,2,2.58,0.125,1,1,Polystyrene PS,9,0,5.4,0
Public Missiles,PNC-3.00,Plastic nose cone,0,13.2,3.1,4.2,2.5,2.98,0.125,1,1,Polystyrene PS,9,0,5.6,0
Public Missiles,PNC-3.90,Plastic nose cone,0,16.8,4,4.2,3,3.88,0.125,1,1,Polystyrene PS,9,0,10,0
Public Missiles,UNC-1.145,Urethane nose cone,0,6,1.27,4.7,1.5,1.15,0,0,0,Urethane,6.5,0,2,0
Public Missiles,UNC-1.525,Urethane nose cone,0,8,1.6,5,1.5,1.48,0,0,0,Urethane,6.5,0,4,0
Public Missiles,UNC-OG-1.5,Stratus nose cone,0,4.38,1.65,0,0.875,1.5,0,1,0,Urethane,0,0,0,0
Quest,Quest,PNC25,0,3.15,0.984,0,0.5,0.859,0.125,2,1,Polystyrene PS,1.82,0,0.25,0
Quest,Quest,PNC35,0,4.12,1.38,0,0.75,1.25,0.125,2,1,Polystyrene PS,2.44,0,0.36,0
Quest,Quest,PNC15,0,1,0.59,0,0.25,0.465,0.125,1,1,Polystyrene PS,0.625,0,0.08,0
Quest,Quest,PNC35N,0,8.31,1.38,0,0.75,1.25,0.125,0,1,Polystyrene PS,4.53,0,0.47,0
Quest,Quest,PNC20,0,2.53,0.787,0,0.5,0.662,0.125,1,1,Polystyrene PS,1.51,0,0.1,0
Retro Rocket Works,Retro Rockets 19568,2.75 Maple/Cherry,0,7.5,2.75,0,1.06,2.25,0,1,0,Maple (Hard),5.5,2,255,0
Balsa Machining,20140,PNC-3.00,mm,279.4,76.2,0,76.2,74.422,1.4427,ogive,hollow,Polystyrene PS,0,g,0,0
Madcow Rocketry,20147,"PNC-4.00"" (98mm) x 9.5",0,9.5,4,0,3,3.858,0,2,1,Polypropylene,0,2,183.5,0
Madcow Rocketry,20148,"PNC-4.00"" (98mm) x 9.5",0,16.5,4,0,3.25,3.858,0,2,1,Polypropylene,0,2,298.1,0
Madcow Rocketry,20510,"2.6"" Fiberglass 3:1 Ogive Nose Cone",0,8.13,2.68,,2.5,2.58,0,1,1,Fiberglass,0,2,76.9,0
Madcow Rocketry,20511,"2.6"" Fiberglass 5:1 Ogive Nose Cone",0,17.5,2.68,0,3.75,2.58,0,1,1,Fiberglass,0,2,135.5,0
Madcow Rocketry,20541,"5.5"" Fiberglass 5:1 Conical Nose Cone",0,30,5.5,0,5.75,5.28,0,0,1,Fiberglass,0,2,494.3,0
