Mfg.,Part No.,COUPLERS,Units,ID,OD,Length,Material,Mass Units,CG,Mass,AutoSize
Aerospace Speciality Products,TC2.6/80H,Tube Coupler T-2.6/80H,1,62.6,64.5,152,Paper,0,g,0,0
Aerospace Speciality Products,TC20,Tube Coupler T-20,1,16.5,17.8,38.1,Paper,0,g,0,0
Aerospace Speciality Products,TC5,Tube Coupler T-5,1,11.8,13,38.1,Paper,0,g,0,0
Aerospace Speciality Products,TC50,Tube Coupler T-50,1,22.7,24,50.8,Paper,0,g,0,0
Aerospace Speciality Products,TC55,Tube Coupler T-55,1,31.1,32.5,76.2,Paper,0,g,0,0
Aerospace Speciality Products,TC60,Tube Coupler T-60,1,38.9,40.3,76.2,Paper,0,g,0,0
Aerospace Speciality Products,TC70H,Tube Coupler T-70H,1,53.2,54.8,102,Paper,0,g,0,0
Aerospace Speciality Products,TCMM,Tube Coupler - MicroMaxx,1,5.33,6.35,38.1,Paper,0,g,0,0
Aerotech,Aerotech,CP-1.9,0,1.9,1.9,2,Paper,?,g,0,0
Aerotech,Aerotech,CP-2.6,0,2.6,2.6,6,Paper,?,g,0,0
Always Ready Rocketry,13100,29mm BT Coupler,mm,25.5778,28.7528,203.2,Blue Tube,101.6,g,15.8,0
Always Ready Rocketry,13101,38mm BT Coupler,0,1.38,1.504,8,Blue Tube,4,g,27.1,0
Always Ready Rocketry,13102,54mm BT Coupler,0,1.997,2.133,8,Blue Tube,4,g,40.8,0
Always Ready Rocketry,13103,"2.56"" BT Coupler (8"")",mm,61.0362,64.2874,203.2,Blue Tube,101.6,g,57,0
Always Ready Rocketry,13104,"75mm/3"" BT Coupler",0,2.869,2.99,8,Blue Tube,4,g,78.4,0
Always Ready Rocketry,13105,98mm BT Coupler,0,3.75,3.89,8,Blue Tube,4,g,123.2,0
Always Ready Rocketry,13106,"5.5"" BT Coupler",0,5.217,5.36,12,Blue Tube,6,g,301.4,0
Always Ready Rocketry,13107,"6"" BT Coupler",0,5.827,5.973,12,Blue Tube,6,g,334.5,0
Always Ready Rocketry,13110,"29mm BT Coupler (48"")",0,1.007,1.132,48,Blue Tube,24,g,185,0
Always Ready Rocketry,13111,"38mm BT Coupler (48"")",mm,35.052,38.2016,1219.2,Blue Tube,609.6,g,185,0
Always Ready Rocketry,13112,"54mm BT Coupler (48"")",0,1.997,2.133,48,Blue Tube,24,g,390,0
Always Ready Rocketry,13113,"2.56"" BT Coupler (48"")",mm,61.0362,64.2874,1219.2,Blue Tube,609.6,g,446,0
Always Ready Rocketry,13114,"75mm/3"" BT Coupler (48"")",0,2.869,2.99,48,Blue Tube,24,g,529,0
Always Ready Rocketry,13115,"98mm BT Coupler (48"")",0,3.75,3.89,48,Blue Tube,24,g,720,0
Always Ready Rocketry,13116,"5.5"" BT Coupler (48)""",0,5.217,5.384,48,Blue Tube,24,g,1000,0
Always Ready Rocketry,13117,"6"" BT Coupler (48"")",0,5.827,5.973,48,Blue Tube,24,g,1000,0
Apogee,13009,AC-24B (Fits BT-50),mm,23.1394,23.7744,50.8,Paper,25.4,g,1.85,0
Apogee,13010,AC-29A,mm,27.8892,28.8036,63.5,Paper,31.75,g,2.3,0
Apogee,13014,AC-13A (Fits BT-5),mm,12.0904,12.954,50.8,Paper,25.4,g,0.7,0
Apogee,13015,AC-18B (Fits BT-20),mm,16.6624,17.78,38.1,Kraft phenolic,19.05,g,0.7,0
Apogee,13017,AC-33 (Fits BT-55),mm,31.75,32.512,71.12,Paper,35.56,g,2.4,0
Apogee,13019,AC-41.6 (Fits BT-60),mm,39.37,40.386,76.2,Paper,38.1,g,3.8,0
Apogee,13043,AC-56A (Fits BT-70),0,2.11,2.17,4,Paper,2,g,11.8,0
Apogee,13045,AC-66A (Fits BT-80),0,2.486,2.554,4,Paper,2,g,19,0
Apogee,13047,"AC-74 (3"" Thin Wall)",0,2.851,2.923,6,Paper,3,g,25.55,0
Apogee,13125,"AC-98 (4"" Thick Wall)",0,3.7,3.88,9,Paper,4.5,g,120.6,0
Balsa Machining,C188-34,1.796x1.728x34 inch long T188 coupler stock,in.,1.728,1.796,34,Paper,0,oz.,0,0
Balsa Machining,C188-4,1.796x1.728x4 inch long T188 coupler,in.,1.728,1.796,4,Paper,0,oz.,0,0
Balsa Machining,C20-3,.708x.666x3 inch long T20 coupler,in.,0.666,0.708,3,Paper,0,oz.,0,0
Balsa Machining,C20-34,.708x.666x34 inch long T20 coupler stock,in.,0.666,0.708,34,Paper,0,oz.,0,0
Balsa Machining,C204-34,1.997x1.929x34 inch long T204 coupler stock,in.,1.929,1.997,34,Paper,0,oz.,0,0
Balsa Machining,C204-4,1.997x1.929x4 inch long T204 coupler,in.,1.929,1.997,4,Paper,0,oz.,0,0
Balsa Machining,C5-2,.516x.474x2inch long T5 coupler,in.,0.474,0.516,2,Paper,0,oz.,0,0
Balsa Machining,C5-34,.516x.474x34inch long T5 coupler stock,in.,0.474,0.516,34,Paper,0,oz.,0,0
Balsa Machining,C50-1,.948x.88x.034x1in long T50 coupler.,in.,0.88,0.948,1,Paper,0,oz.,0,0
Balsa Machining,C50-34,.948x.88x.034x34 T50 coupler stk.,in.,0.88,0.948,34,Paper,0,oz.,0,0
Balsa Machining,C50-4,.948x.88x.034x4in long T50 coupler.,in.,0.88,0.948,4,Paper,0,oz.,0,0
Balsa Machining,C52H-34,1.137x.977x34inch T52H coupler stock .080thk,in.,0.977,1.137,34,Paper,0,oz.,0,0
Balsa Machining,C52H-4,1.137x.977x4 inch T52H coupler .080thk,in.,0.977,1.137,4,Paper,0,oz.,0,0
Balsa Machining,C52H-4,1.137x.977x4 inch T52H coupler .080thk,in.,0.977,1.137,4,Paper,0,oz.,0,0
Balsa Machining,C55-34,1.280x1.212x34 inch long T55 coupler stock,in.,1.212,1.28,34,Paper,0,oz.,0,0
Balsa Machining,C55-4,1.280x1.212x4 inch long T55 coupler,in.,1.212,1.28,4,Paper,0,oz.,0,0
Balsa Machining,C60-34,1.592x1.524x34 inch long T60 coupler stock,in.,1.524,1.592,34,Paper,0,oz.,0,0
Balsa Machining,C60-4,1.592x1.524x4 inch long T60 coupler,in.,1.524,1.592,4,Paper,0,oz.,0,0
Balsa Machining,C70-34,2.172x2.104x34in T70 or T70H coupler stock,in.,2.104,2.172,34,Paper,0,oz.,0,0
Balsa Machining,C70-4,2.172x2.104x4 in long T70 or T70H coupler,in.,2.104,2.172,4,Paper,0,oz.,0,0
Balsa Machining,C80-34,2.554x2.474x34in T80 or T80H coupler stock,in.,2.474,2.554,34,Paper,0,oz.,0,0
Balsa Machining,C80-4,2.554x2.474x4in long T80 or T80H coupler,in.,2.474,2.554,4,Paper,0,oz.,0,0
Balsa Machining,C80-6,2.554x2.474x6in T80 or T80H coupler stock,in.,2.474,2.554,6,Paper,0,oz.,0,0
Estes,Estes,JT-70A,0,2.09,2.17,2,Paper,?,g,0,0
Estes,Estes,JT-101SV,0,3.81,3.89,1.38,Paper,?,g,0,0
Estes,Estes,JT-80C,0,2.47,2.55,3,Paper,?,g,0,0
Estes,Estes,NB-20,0,0,0.705,0.75,Paper,?,g,0,0
Estes,Estes,NB-50,0,0,0.945,1,Paper,?,g,0,0
Estes,Estes,JT-20C,0,0.645,0.705,0.75,Paper,?,g,0,0
Estes,Estes,JT-5C,0,0.45,0.51,0.75,Paper,?,g,0,0
Estes,Estes,JT-50C,0,0.885,0.945,1,Paper,?,g,0,0
Estes,Estes,JT-55C,0,1.22,1.28,1.25,Paper,?,g,0,0
Estes,Estes,JT-60C,0,1.53,1.59,1.5,Paper,?,g,0,0
LOC/Precision,13154,29mm Tube Coupler,0,1,1.13,2.5,Paper,1.25,g,6.7,0
LOC/Precision,13156,38mm Tube Coupler,0,1.45,1.52,4,Paper,2,g,9.3,0
LOC/Precision,13158,54mm Tube Coupler,0,2.03,2.14,5.75,Paper,2.875,g,29.1,0
LOC/Precision,13160,"2.56"" Tube Coupler",0,2.49,2.56,5,Paper,2.5,g,23.5,0
LOC/Precision,13162,75mm Tube Coupler,0,2.88,2.99,6,Paper,3,g,37.8,0
LOC/Precision,13164,98mm Tube Coupler,0,3.83,3.9,6,Paper,3,g,32.4,0
LOC/Precision,13166,"5.38"" Tube Coupler",0,5.29,5.38,10,Paper,5,g,111.4,0
LOC/Precision,13168,"7.51"" Tube Coupler",0,7.42,7.51,12,Paper,6,g,248,0
LOC/Precision,13171,"2.56"" Stiffy",0,2.25,2.48,6,Paper,3,g,50.2,0
LOC/Precision,13172,75mm Stiffy,1,68.7,74.4,146,Paper,73,g,60.8,0
LOC/Precision,13173,98mm Stiffy,mm,93.4009,99.06,145.9992,Paper,72.9996,g,81.65,0
LOC/Precision,13174,"5.38"" Stiffy",1,131,137,248,Paper,124,g,220.7,0
LOC/Precision,13175,"7.51"" Stiffy",0,7,7.38,14,Paper,7,g,676,0
Madcow Rocketry,,"29mm x 6"" Fiberglass Coupler",0,0.991,1.142,6,Fiberglass,3,g,45.3,0
Madcow Rocketry,,"38mm x 6"" Fiberglass Coupler",0,1.358,1.51,6,Fiberglass,3,g,60,0
Madcow Rocketry,,"54mm x 8"" Fiberglass Coupler",0,1.989,2.151,8,Fiberglass,4,g,125.8,0
Madcow Rocketry,,"2.6"" x 8"" Fiberglass Coupler",0,2.473,2.558,8,Fiberglass,4,g,88.3,0
Madcow Rocketry,,"3"" x 8"" Fiberglass Coupler",0,2.852,3.01,8,Fiberglass,4,g,156,0
Madcow Rocketry,,"4"" x 8"" Fiberglass Coupler",0,3.742,3.892,8,Fiberglass,4,g,238,0
Madcow Rocketry,,"5.5"" x 12 Fiberglass Coupler""",0,5.169,5.387,12,Fiberglass,6,g,609.7,0
Madcow Rocketry,,"6"" x 12 Fiberglass Coupler""",0,5.792,5.999,12,Fiberglass,6,g,687.5,0
Madcow Rocketry,,"7.5"" x 15"" Fiberglass Coupler",0,7.25,7.5,15,Fiberglass,7.5,g,1003.7,0
Madcow Rocketry,,"8"" x 15"" Fiberglass Coupler",0,7.5,7.75,15,Fiberglass,7.5,g,1698.8,0
Semroc,BTC-085,Balsa Tube Coupler,0,0,0.865,1.5,Balsa,0,g,0,0
Semroc,BTC-10,Balsa Tube Coupler,0,0,1,1.25,Balsa,0,g,0,0
Semroc,BTC-115,Balsa Tube Coupler,0,0,1.14,1.7,Balsa,0,g,0,0
Semroc,BTC-125,Balsa Tube Coupler,0,0,1.25,2,Balsa,0,g,0,0
Semroc,BTC-13,Balsa Tube Coupler,0,0,1.3,1.5,Balsa,0,g,0,0
Semroc,BTC-150,Balsa Tube Coupler,0,0,1.5,2,Balsa,0,g,0,0
Semroc,BTC-16,Balsa Tube Coupler,0,0,1.6,1.75,Balsa,0,g,0,0
Semroc,BTC-175,Balsa Tube Coupler,0,0,1.75,2.2,Balsa,0,g,0,0
Semroc,BTC-20,Balsa Tube Coupler,0,0,2,1.75,Balsa,0,g,0,0
Semroc,BTC-225,Balsa Tube Coupler,0,0,2.25,2.5,Balsa,0,g,0,0
Semroc,BTC-275,Balsa Tube Coupler,0,0,2.75,3,Balsa,0,g,0,0
Semroc,BTC-5,Balsa Tube Coupler,0,0,0.515,0.75,Balsa,0,g,0,0
Semroc,BTC-7,Balsa Tube Coupler,0,0,0.715,1,Balsa,0,g,0,0
Semroc,BTC-8,Balsa Tube Coupler,0,0,0.865,1,Balsa,0,g,0,0
Semroc,BTC-9,Balsa Tube Coupler,0,0,0.95,1,Balsa,0,g,0,0
Semroc,HTC-10,Tube Coupler,0,0.958,1,1,Paper,0,g,0,0
Semroc,HTC-13,Tube Coupler,0,1.25,1.3,1.5,Paper,0,g,0,0
Semroc,HTC-16,Tube Coupler,0,1.55,1.6,1.75,Paper,0,g,0,0
Semroc,HTC-20,Tube Coupler,0,1.95,2,1.75,Paper,0,g,0,0
Semroc,HTC-5,Tube Coupler,0,0.473,0.515,0.75,Paper,0,g,0,0
Semroc,HTC-7,Tube Coupler,0,0.673,0.715,1,Paper,0,g,0,0
Semroc,HTC-7B,Tube Coupler,0,0.761,0.801,1,Paper,0,g,0,0
Semroc,HTC-8,Tube Coupler,0,0.823,0.865,1,Paper,0,g,0,0
Semroc,HTC-9,Tube Coupler,0,0.865,0.95,1,Paper,0,g,0,0